stock-code,reference-price,celling-price,floor-price,price,volume,total-volume,total-value,highest-price,lowest-price,average-price
AAV,22.3,24.5,20.1,22.3,2.4,231.2,5182230,23.0,22.0,22.4
ACM,3.4,3.7,3.1,3.2,53.0,2733.1,8930490,3.5,3.1,3.3
ADC,24.0,26.4,21.6,26.2,0.1,0.1,2620,26.2,26.2,26.2
ALT,20.1,22.1,18.1,0.0,0.0,0.0,0,0.0,0.0,0.0
AMC,25.0,27.5,22.5,0.0,0.0,0.0,0,0.0,0.0,0.0
AME,14.5,15.9,13.1,14.2,6.1,21.3,303990,14.5,14.1,14.3
AMV,11.8,12.9,10.7,11.6,8.1,865.3,10040050,12.0,11.4,11.6
API,65.6,72.1,59.1,68.0,15.9,253.5,17517260,70.8,65.7,69.2
APP,11.4,12.5,10.3,11.3,0.6,2.6,28430,11.3,10.6,10.8
APS,28.7,31.5,25.9,31.1,26.9,1612.6,50001980,31.5,29.5,31.0
ARM,50.0,55.0,45.0,0.0,0.0,0.0,0,0.0,0.0,0.0
ART,10.2,11.2,9.2,11.1,189.4,6823.3,73567810,11.2,9.9,10.8
ATS,31.5,34.6,28.4,0.0,0.0,0.0,0,0.0,0.0,0.0
BAB,22.0,24.2,19.8,22.1,0.1,50.6,1126540,22.5,22.0,22.3
BAX,72.0,79.2,64.8,78.7,1.2,28.0,2194100,79.2,72.5,78.3
BBS,13.0,14.3,11.7,13.1,0.1,0.3,3910,13.1,13.0,13.0
BCC,19.5,21.4,17.6,19.8,8.4,393.2,7878380,20.3,19.7,20.0
BCF,35.5,39.0,32.0,36.0,0.1,0.1,3600,36.0,36.0,36.0
BDB,14.0,15.4,12.6,0.0,0.0,0.0,0,0.0,0.0,0.0
BED,46.0,50.6,41.4,0.0,0.0,0.0,0,0.0,0.0,0.0
BII,8.6,9.4,7.8,9.4,0.1,220.6,2073640,9.4,9.4,9.4
BKC,8.1,8.9,7.3,8.9,0.1,24.0,213330,8.9,8.3,8.9
BLF,7.2,7.9,6.5,6.5,0.2,8.7,56550,6.5,6.5,6.5
BNA,41.5,45.6,37.4,42.0,66.0,332.0,13664210,42.0,40.5,40.9
BPC,12.9,14.1,11.7,12.9,0.3,0.3,3870,12.9,12.9,0.0
BSC,24.4,26.8,22.0,0.0,0.0,0.0,0,0.0,0.0,0.0
BST,15.1,16.6,13.6,14.1,0.6,0.6,8460,14.1,14.1,14.1
BTS,11.3,12.4,10.2,11.0,5.5,39.7,449940,11.5,10.9,11.3
BTW,32.5,35.7,29.3,32.0,0.9,1.1,35200,32.0,32.0,32.0
BVS,36.7,40.3,33.1,36.8,4.0,75.1,2758400,37.1,36.1,36.7
BXH,16.5,18.1,14.9,0.0,0.0,0.0,0,0.0,0.0,0.0
C69,16.8,18.4,15.2,16.5,2.5,96.4,1601130,17.3,16.4,16.6
C92,8.4,9.2,7.6,8.5,0.7,35.3,309570,9.2,8.4,8.8
CAG,18.5,20.3,16.7,18.9,0.1,3.0,57600,19.8,18.8,19.2
CAN,59.0,64.9,53.1,53.5,0.1,0.7,37450,53.5,53.5,53.5
CAP,86.0,94.6,77.4,86.0,0.1,0.3,25800,86.0,86.0,86.0
CCR,23.3,25.6,21.0,23.2,0.1,1.5,34000,23.2,22.5,22.7
CDN,28.4,31.2,25.6,28.0,0.7,21.2,597350,28.4,28.0,28.2
CEO,57.0,62.7,51.3,62.7,9.0,3555.3,222909080,62.7,62.5,62.7
CET,8.9,9.7,8.1,9.0,0.1,20.3,178260,9.0,8.5,8.8
CIA,13.9,15.2,12.6,13.8,0.2,4.5,62460,14.0,13.7,13.9
CJC,13.5,14.8,12.2,0.0,0.0,0.0,0,0.0,0.0,0.0
CKV,21.2,23.3,19.1,0.0,0.0,0.0,0,0.0,0.0,0.0
CLH,27.3,30.0,24.6,27.3,0.6,20.0,545680,27.5,27.1,27.3
CLM,25.7,28.2,23.2,27.6,0.1,0.1,2760,27.6,27.6,27.6
CMC,11.9,13.0,10.8,11.9,0.1,3.2,38080,11.9,11.9,11.9
CMS,31.1,34.2,28.0,31.0,0.2,38.7,1215050,33.0,30.6,31.4
CPC,22.2,24.4,20.0,0.0,0.0,0.0,0,0.0,0.0,0.0
CSC,114.0,125.4,102.6,120.0,6.3,34.7,3977870,120.0,110.2,113.4
CTB,27.3,30.0,24.6,26.8,0.5,0.5,13400,26.8,26.8,0.0
CTC,8.4,9.2,7.6,8.3,4.3,139.6,1174610,8.8,8.2,8.4
CTP,7.8,8.5,7.1,7.9,0.2,22.9,179750,8.2,7.7,7.8
CTT,13.0,14.3,11.7,0.0,0.0,0.0,0,0.0,0.0,0.0
CTX,10.8,11.8,9.8,10.6,0.8,65.3,661380,10.8,9.8,10.1
CVN,10.9,11.9,9.9,10.5,11.4,176.9,1876790,11.1,10.4,10.6
CX8,8.7,9.5,7.9,9.5,0.1,0.4,3670,9.5,8.8,9.2
D11,31.4,34.5,28.3,31.0,1.5,26.6,838720,32.0,30.8,31.6
DAD,26.0,28.6,23.4,26.0,0.5,0.5,13000,26.0,26.0,26.0
DAE,26.2,28.8,23.6,24.1,0.1,0.1,2410,24.1,24.1,24.1
DC2,15.0,16.5,13.5,15.3,0.2,1.4,20760,15.8,14.2,14.8
DDG,32.2,35.4,29.0,32.4,0.1,191.3,6210010,32.8,32.1,32.5
DHP,12.2,13.4,11.0,12.0,0.5,1.3,15600,12.0,12.0,12.0
DHT,43.0,47.3,38.7,42.8,0.1,7.5,323190,43.5,42.8,43.1
DIH,47.3,52.0,42.6,52.0,0.6,41.8,2173190,52.0,50.4,52.0
DL1,12.5,13.7,11.3,12.2,24.3,1237.3,15352620,12.8,12.0,12.4
DNC,61.0,67.1,54.9,0.0,0.0,0.0,0,0.0,0.0,0.0
DNM,43.0,47.3,38.7,44.0,0.5,8.6,375670,44.0,43.1,43.7
DNP,18.9,20.7,17.1,19.3,0.1,58.5,1112310,19.3,18.7,19.0
DP3,108.0,118.8,97.2,110.9,0.1,0.3,33270,110.9,110.9,110.9
DPC,25.0,27.5,22.5,0.0,0.0,0.0,0,0.0,0.0,0.0
DS3,8.9,9.7,8.1,8.5,5.5,30.2,256410,8.9,8.4,8.5
DST,12.6,13.8,11.4,12.7,41.1,524.1,6585380,12.9,12.4,12.6
DTC,11.5,12.6,10.4,11.9,0.1,3.5,41560,12.0,11.8,11.9
DTD,46.4,51.0,41.8,45.5,15.3,151.1,7036840,48.1,45.5,46.7
DTK,15.0,16.5,13.5,15.0,0.1,0.9,13830,15.5,15.0,15.4
DVG,19.9,21.8,18.0,20.0,0.1,14.0,279050,20.0,19.4,19.9
DXP,19.3,21.2,17.4,19.0,1.4,85.4,1620870,19.1,18.8,19.0
DZM,9.5,10.4,8.6,9.9,0.1,1.8,17250,10.2,9.5,9.6
EBS,11.0,12.1,9.9,11.0,0.5,0.5,5500,11.0,11.0,0.0
ECI,43.6,47.9,39.3,43.6,44.0,44.0,1918400,43.6,43.6,43.6
EID,24.0,26.4,21.6,24.4,1.6,7.6,183060,24.4,23.9,24.0
EVS,38.9,42.7,35.1,39.0,5.8,35.3,1379910,39.9,39.0,39.1
FID,6.8,7.4,6.2,7.4,16.9,429.8,3137250,7.4,7.0,7.3
GDW,26.2,28.8,23.6,28.0,0.1,0.1,2800,28.0,28.0,28.0
GIC,22.2,24.4,20.0,22.2,0.5,19.9,437140,22.3,21.5,22.0
GKM,50.5,55.5,45.5,51.7,17.3,483.8,24583770,51.7,50.3,50.8
GLT,31.0,34.1,27.9,32.9,1.5,5.4,171750,32.9,31.0,31.4
GMA,61.0,67.1,54.9,61.0,0.3,65.4,3989400,61.0,61.0,61.0
GMX,19.0,20.9,17.1,18.9,0.1,0.3,5680,19.0,18.9,18.9
HAD,16.6,18.2,15.0,16.6,0.1,0.6,9960,16.6,16.6,16.6
HAT,22.0,24.2,19.8,0.0,0.0,0.0,0,0.0,0.0,0.0
HBS,12.0,13.2,10.8,12.4,2.6,61.0,759160,12.9,12.0,12.4
HCC,12.1,13.3,10.9,12.5,0.5,1.0,12500,12.6,12.3,12.5
HCT,12.2,13.4,11.0,0.0,0.0,0.0,0,0.0,0.0,0.0
HDA,26.2,28.8,23.6,26.5,6.3,96.3,2575180,27.2,25.9,26.8
HEV,25.6,28.1,23.1,0.0,0.0,0.0,0,0.0,0.0,0.0
HGM,40.1,44.1,36.1,0.0,0.0,0.0,0,0.0,0.0,0.0
HHC,87.9,96.6,79.2,0.0,0.0,0.0,0,0.0,0.0,0.0
HHG,7.0,7.7,6.3,7.7,0.1,773.7,5925430,7.7,7.4,7.7
HJS,31.6,34.7,28.5,0.0,0.0,0.0,0,0.0,0.0,0.0
HKT,7.1,7.8,6.4,7.8,3.0,16.1,111530,7.8,6.6,6.7
HLC,13.0,14.3,11.7,13.5,0.1,9.3,122740,13.6,13.0,13.2
HLD,41.0,45.1,36.9,41.8,0.6,38.2,1601050,43.2,41.2,41.9
HMH,16.0,17.6,14.4,16.0,0.1,3.2,51200,16.0,16.0,16.0
HMR,18.0,19.8,16.2,16.2,0.3,12.7,205740,16.2,16.2,16.2
HOM,8.5,9.3,7.7,8.2,1.2,64.7,538240,8.5,8.2,8.3
HPM,10.4,11.4,9.4,0.0,0.0,0.0,0,0.0,0.0,0.0
HTC,34.3,37.7,30.9,0.0,0.0,0.0,0,0.0,0.0,0.0
HTP,48.0,52.8,43.2,52.8,14.9,289.4,14022920,52.8,45.0,48.2
HUT,20.1,22.1,18.1,20.1,90.5,1165.1,23264500,20.7,19.7,20.0
HVT,55.6,61.1,50.1,56.5,0.1,15.3,842960,56.5,54.9,55.1
ICG,13.2,14.5,11.9,13.2,0.1,6.3,82410,13.2,12.8,13.1
IDC,68.4,75.2,61.6,64.8,120.5,1874.4,125441920,69.1,64.8,67.1
IDJ,23.1,25.4,20.8,25.4,6.4,1922.7,48836100,25.4,25.3,25.4
IDV,69.5,76.4,62.6,68.0,0.1,63.1,4285190,69.5,67.2,67.9
INC,13.0,14.3,11.7,0.0,0.0,0.0,0,0.0,0.0,0.0
INN,39.1,43.0,35.2,39.2,0.5,3.9,153040,39.6,39.2,39.2
IPA,53.0,58.3,47.7,53.9,20.9,361.2,19412510,54.8,52.8,53.7
ITQ,7.1,7.8,6.4,7.8,0.3,505.8,3933120,7.8,7.4,7.8
IVS,14.4,15.8,13.0,13.8,0.2,73.5,1034190,14.9,13.8,14.1
KDM,7.6,8.3,6.9,8.0,0.5,66.7,520480,8.0,7.6,7.8
KHS,30.6,33.6,27.6,30.0,0.3,0.4,12080,30.8,30.0,30.2
KKC,26.9,29.5,24.3,0.0,0.0,0.0,0,0.0,0.0,0.0
KLF,6.0,6.6,5.4,6.6,0.7,5130.8,33310610,6.6,6.0,6.5
KMT,10.5,11.5,9.5,10.4,0.2,3.8,39000,10.4,10.2,10.3
KSD,7.8,8.5,7.1,7.6,0.7,9.2,70910,7.8,7.5,7.7
KSF,97.6,107.3,87.9,97.6,0.5,2.7,264800,102.6,97.4,98.1
KSQ,6.8,7.4,6.2,7.3,2.0,294.5,2158010,7.4,6.8,7.3
KST,18.3,20.1,16.5,20.0,1.0,3.3,65990,20.0,19.9,20.0
KTS,20.9,22.9,18.9,19.8,0.3,1.7,34560,20.8,19.8,20.3
KTT,15.8,17.3,14.3,0.0,0.0,0.0,0,0.0,0.0,0.0
KVC,6.2,6.8,5.6,6.8,0.8,863.9,5797840,6.8,6.3,6.7
L14,349.5,384.4,314.6,384.4,0.1,9.6,3690240,384.4,384.4,384.4
L18,50.8,55.8,45.8,55.8,0.4,53.0,2951940,55.8,51.0,55.7
L35,7.0,7.7,6.3,7.3,0.1,0.4,2950,7.6,7.3,7.4
L40,32.5,35.7,29.3,35.7,0.8,0.8,28560,35.7,35.7,35.7
L43,7.4,8.1,6.7,7.4,0.3,20.6,152410,7.4,7.3,7.4
L61,8.0,8.8,7.2,0.0,0.0,0.0,0,0.0,0.0,0.0
L62,6.7,7.3,6.1,7.1,0.5,6.8,47390,7.1,6.7,7.0
LAS,15.8,17.3,14.3,15.5,51.1,411.9,6421890,16.0,15.4,15.6
LBE,30.4,33.4,27.4,0.0,0.0,0.0,0,0.0,0.0,0.0
LCD,16.3,17.9,14.7,0.0,0.0,0.0,0,0.0,0.0,0.0
LCS,4.8,5.2,4.4,4.5,1.3,149.8,667690,4.8,4.4,4.5
LDP,38.1,41.9,34.3,41.9,2.2,5241.0,180284990,41.9,34.3,34.4
LHC,175.0,192.5,157.5,183.5,4.0,55.4,9783250,184.0,174.0,176.1
LIG,14.1,15.5,12.7,15.0,30.2,1272.1,19396110,15.5,14.3,15.3
LM7,7.1,7.8,6.4,7.0,1.6,10.7,74500,7.0,6.9,7.0
LUT,8.1,8.9,7.3,8.1,0.1,47.4,380350,8.3,7.7,8.0
MAC,8.9,9.7,8.1,8.8,3.0,162.6,1423840,9.0,8.6,8.8
MAS,41.9,46.0,37.8,43.0,0.1,0.6,25800,43.0,43.0,43.0
MBG,12.9,14.1,11.7,13.1,39.2,1133.6,15026840,13.5,13.0,13.3
MBS,34.1,37.5,30.7,33.3,32.3,793.9,26738850,34.2,33.3,33.7
MCC,13.0,14.3,11.7,0.0,0.0,0.0,0,0.0,0.0,0.0
MCF,9.9,10.8,9.0,9.8,0.1,14.9,140590,9.8,9.4,9.4
MCO,7.0,7.7,6.3,7.5,1.0,14.6,109310,7.7,7.2,7.5
MDC,11.9,13.0,10.8,11.5,0.2,2.9,33620,12.3,11.0,11.6
MED,28.2,31.0,25.4,0.0,0.0,0.0,0,0.0,0.0,0.0
MEL,15.8,17.3,14.3,15.7,0.1,4.7,71610,15.7,15.0,15.2
MHL,6.9,7.5,6.3,6.9,0.1,3.5,23300,6.9,6.6,6.6
MIM,9.0,9.9,8.1,9.0,0.9,1.0,9000,9.0,9.0,9.0
MKV,13.9,15.2,12.6,13.0,0.4,0.6,7800,13.0,13.0,13.0
MST,16.3,17.9,14.7,17.3,12.8,365.6,6327060,17.9,16.3,17.3
MVB,24.5,26.9,22.1,26.0,0.1,4.8,117490,26.0,24.3,24.4
NAG,13.9,15.2,12.6,14.2,0.3,66.3,926670,14.2,13.8,14.0
NAP,12.5,13.7,11.3,0.0,0.0,0.0,0,0.0,0.0,0.0
NBC,15.2,16.7,13.7,14.9,13.6,141.7,2134370,15.5,14.9,15.1
NBP,19.0,20.9,17.1,0.0,0.0,0.0,0,0.0,0.0,0.0
NBW,23.1,25.4,20.8,24.0,1.0,1.0,24000,24.0,24.0,24.0
NDN,16.5,18.1,14.9,16.1,14.1,720.8,11577100,16.7,15.7,16.1
NDX,10.2,11.2,9.2,9.9,0.2,108.3,1057220,10.2,9.5,9.8
NET,53.9,59.2,48.6,53.4,0.1,0.7,37560,53.9,53.4,53.7
NFC,12.8,14.0,11.6,0.0,0.0,0.0,0,0.0,0.0,0.0
NHC,31.0,34.1,27.9,31.0,0.1,0.1,3100,31.0,31.0,31.0
NRC,20.8,22.8,18.8,20.2,2.5,365.0,7612990,21.5,20.2,20.9
NSH,11.0,12.1,9.9,11.2,0.2,78.6,877480,11.3,10.9,11.2
NST,9.8,10.7,8.9,9.8,0.3,4.1,40570,10.0,9.8,9.9
NTH,39.0,42.9,35.1,39.5,2.8,6.8,268600,39.5,39.5,39.5
NTP,64.4,70.8,58.0,65.2,13.3,372.4,24172470,65.5,64.0,64.9
NVB,30.0,33.0,27.0,32.0,11.0,127.9,4113880,33.0,30.0,32.2
OCH,10.3,11.3,9.3,10.0,21.3,139.9,1435660,10.7,10.0,10.3
ONE,8.3,9.1,7.5,8.2,1.0,7.8,64950,8.4,8.2,8.3
PBP,13.8,15.1,12.5,13.0,0.1,6.9,88770,13.0,12.7,12.9
PCE,21.0,23.1,18.9,23.1,0.3,15.3,351310,23.1,21.9,23.0
PCG,9.3,10.2,8.4,9.0,0.5,7.2,66080,9.3,8.9,9.2
PCT,8.0,8.8,7.2,7.8,1.4,11.0,85490,8.2,7.5,7.8
PDB,20.5,22.5,18.5,22.5,0.9,21.9,492640,22.5,22.4,22.5
PDC,7.3,8.0,6.6,7.5,0.1,4.1,28750,7.5,6.9,7.0
PEN,8.5,9.3,7.7,7.8,0.1,1.5,11920,8.4,7.8,7.9
PGN,13.3,14.6,12.0,13.2,7.0,33.6,432310,13.2,12.7,12.8
PGS,24.0,26.4,21.6,23.9,0.2,45.8,1071490,24.0,23.0,23.4
PGT,10.4,11.4,9.4,10.0,16.0,36.6,363070,10.8,9.7,9.9
PHN,38.1,41.9,34.3,39.2,0.1,0.2,7820,39.2,39.0,39.1
PHP,23.9,26.2,21.6,23.9,2.6,28.8,692350,24.4,23.5,24.1
PIA,25.3,27.8,22.8,27.8,0.5,0.5,13900,27.8,27.8,27.8
PIC,12.5,13.7,11.3,13.0,0.1,0.4,5050,13.0,12.5,12.6
PJC,23.4,25.7,21.1,25.0,1.2,1.2,30000,25.0,25.0,0.0
PLC,49.3,54.2,44.4,49.7,16.2,792.3,39776260,51.3,48.0,50.2
PMB,15.0,16.5,13.5,15.3,2.0,14.8,224510,15.9,15.0,15.1
PMC,66.3,72.9,59.7,66.0,0.5,4.7,325810,69.9,66.0,69.3
PMP,15.4,16.9,13.9,0.0,0.0,0.0,0,0.0,0.0,0.0
PMS,22.6,24.8,20.4,24.8,0.1,0.1,2480,24.8,24.8,24.8
POT,17.9,19.6,16.2,19.6,0.1,2.0,38950,19.6,19.2,19.5
PPE,10.0,11.0,9.0,10.8,0.5,0.8,8620,10.8,10.7,10.8
PPP,16.6,18.2,15.0,16.6,1.0,10.9,177730,16.6,16.0,16.3
PPS,13.4,14.7,12.1,13.0,2.0,6.5,84550,13.3,13.0,13.0
PPY,18.3,20.1,16.5,16.5,1.5,3.7,61210,17.0,16.5,16.6
PRC,16.0,17.6,14.4,0.0,0.0,0.0,0,0.0,0.0,0.0
PRE,19.1,21.0,17.2,18.9,0.5,28.8,549550,19.5,18.9,19.1
PSC,15.7,17.2,14.2,0.0,0.0,0.0,0,0.0,0.0,0.0
PSD,34.4,37.8,31.0,34.7,1.0,99.9,3459830,35.5,33.8,34.6
PSE,16.2,17.8,14.6,17.8,0.1,49.5,879450,17.8,16.9,17.8
PSI,15.5,17.0,14.0,15.2,9.4,246.7,3751140,15.9,15.0,15.2
PSW,17.3,19.0,15.6,18.0,1.6,113.7,2090910,19.0,17.5,18.4
PTD,14.5,15.9,13.1,0.0,0.0,0.0,0,0.0,0.0,0.0
PTI,59.7,65.6,53.8,60.0,1.5,26.6,1595970,60.0,59.7,60.0
PTS,11.7,12.8,10.6,12.4,0.1,7.3,87960,12.6,11.9,12.0
PV2,7.4,8.1,6.7,7.7,28.5,345.1,2678150,8.0,7.6,7.8
PVB,18.5,20.3,16.7,19.1,1.6,158.3,2977450,19.2,18.2,18.8
PVC,15.5,17.0,14.0,16.4,45.3,1567.4,25031310,16.7,15.2,16.0
PVG,12.0,13.2,10.8,12.2,3.3,250.9,3007730,12.3,11.8,12.0
PVI,46.2,50.8,41.6,46.2,5.5,136.0,6257360,46.2,45.7,46.0
PVL,11.3,12.4,10.2,12.4,3.0,481.2,5954850,12.4,11.3,12.4
PVS,28.5,31.3,25.7,29.5,655.5,14829.0,428362470,30.0,28.0,28.9
QHD,44.1,48.5,39.7,48.5,0.4,0.4,19400,48.5,48.5,48.5
QST,15.9,17.4,14.4,0.0,0.0,0.0,0,0.0,0.0,0.0
QTC,17.0,18.7,15.3,0.0,0.0,0.0,0,0.0,0.0,0.0
RCL,19.1,21.0,17.2,19.2,0.5,1.8,35100,21.0,19.2,19.5
S55,48.0,52.8,43.2,0.0,0.0,0.0,0,0.0,0.0,0.0
S99,19.6,21.5,17.7,18.9,32.7,598.6,11524470,20.0,18.0,19.3
SAF,60.0,66.0,54.0,60.0,0.1,0.1,6000,60.0,60.0,60.0
SCG,91.3,100.4,82.2,96.5,51.0,465.0,44869470,99.1,92.0,96.5
SCI,28.4,31.2,25.6,26.9,13.4,384.6,10556700,28.6,26.9,27.5
SD2,10.5,11.5,9.5,10.8,0.7,9.3,97040,10.8,10.0,10.4
SD4,8.5,9.3,7.7,8.2,0.5,14.9,118290,8.5,7.7,7.9
SD5,11.7,12.8,10.6,11.5,0.3,61.9,711340,11.7,11.3,11.5
SD6,8.5,9.3,7.7,8.1,14.2,205.8,1693000,8.6,8.0,8.2
SD9,11.6,12.7,10.5,11.4,6.0,117.2,1344400,11.7,11.3,11.5
SDA,23.4,25.7,21.1,22.2,2.3,44.3,1001640,23.5,22.0,22.6
SDC,9.5,10.4,8.6,9.7,0.1,1.1,10590,9.8,9.6,9.6
SDG,28.8,31.6,26.0,0.0,0.0,0.0,0,0.0,0.0,0.0
SDN,44.8,49.2,40.4,46.5,0.1,0.3,13850,46.5,45.5,46.2
SDT,8.3,9.1,7.5,8.2,9.1,59.8,493210,8.7,8.1,8.3
SDU,18.9,20.7,17.1,19.0,0.5,1.5,26840,19.5,17.1,17.3
SEB,51.0,56.1,45.9,0.0,0.0,0.0,0,0.0,0.0,0.0
SED,24.1,26.5,21.7,23.9,0.7,4.5,103740,23.9,22.6,22.9
SFN,26.1,28.7,23.5,26.7,1.0,3.1,82790,26.8,26.6,26.7
SGC,96.9,106.5,87.3,96.8,0.1,0.2,18410,96.8,87.3,92.0
SGD,10.5,11.5,9.5,10.6,1.5,2.0,21200,10.6,10.6,10.6
SGH,55.0,60.5,49.5,0.0,0.0,0.0,0,0.0,0.0,0.0
SHE,15.0,16.5,13.5,14.9,0.1,0.4,5960,14.9,14.9,14.9
SHN,15.7,17.2,14.2,15.7,1.8,10.3,161450,15.9,15.4,15.7
SHS,42.5,46.7,38.3,41.0,339.6,3898.5,162514790,42.7,41.0,41.8
SIC,18.1,19.9,16.3,19.5,0.1,1.1,20920,19.5,18.9,19.0
SJ1,16.3,17.9,14.7,15.9,0.1,2.6,41490,16.0,15.9,16.0
SJE,27.3,30.0,24.6,26.6,0.1,2.5,65010,26.7,24.8,26.0
SLS,158.4,174.2,142.6,144.5,3.4,54.0,7983490,158.5,144.0,148.1
SMN,13.8,15.1,12.5,13.5,0.4,11.2,151210,13.6,13.5,13.5
SMT,14.3,15.7,12.9,14.5,27.5,59.0,838750,14.5,13.5,14.0
SPI,10.0,11.0,9.0,9.7,12.0,62.6,613670,10.0,9.7,9.8
SRA,10.3,11.3,9.3,10.0,29.2,367.4,3708530,10.3,10.0,10.1
SSM,6.7,7.3,6.1,7.3,1.4,2.2,15680,7.3,6.5,6.8
STC,21.7,23.8,19.6,23.1,0.3,0.4,9240,23.1,23.1,23.1
STP,10.0,11.0,9.0,10.0,0.1,1.3,13000,10.0,10.0,10.0
SVN,6.7,7.3,6.1,7.3,0.1,116.0,835210,7.3,6.7,7.2
SZB,41.0,45.1,36.9,42.1,4.0,43.0,1807450,45.0,41.0,42.0
TA9,13.0,14.3,11.7,13.1,5.2,26.0,334670,13.5,12.3,12.9
TAR,34.6,38.0,31.2,35.0,37.0,923.2,32060440,35.1,34.0,34.7
TBX,22.3,24.5,20.1,0.0,0.0,0.0,0,0.0,0.0,0.0
TC6,10.3,11.3,9.3,10.3,0.1,27.4,282680,10.7,10.2,10.3
TDN,13.0,14.3,11.7,12.6,0.2,76.5,975980,13.2,12.5,12.8
TDT,13.0,14.3,11.7,12.6,14.0,94.3,1196620,13.1,12.5,12.7
TET,31.5,34.6,28.4,0.0,0.0,0.0,0,0.0,0.0,0.0
TFC,9.6,10.5,8.7,0.0,0.0,0.0,0,0.0,0.0,0.0
THB,15.0,16.5,13.5,0.0,0.0,0.0,0,0.0,0.0,0.0
THD,169.2,186.1,152.3,170.5,10.1,536.7,91907820,172.5,169.3,171.3
THS,14.9,16.3,13.5,0.0,0.0,0.0,0,0.0,0.0,0.0
THT,12.8,14.0,11.6,12.8,6.5,82.8,1064280,13.0,12.6,12.9
TIG,22.8,25.0,20.6,22.9,57.0,343.5,7793750,23.6,22.2,22.6
TJC,16.9,18.5,15.3,0.0,0.0,0.0,0,0.0,0.0,0.0
TKC,11.8,12.9,10.7,12.0,4.2,8.6,102920,12.0,11.9,12.0
TKU,27.0,29.7,24.3,27.0,0.1,2.8,73660,27.0,24.6,26.3
TMB,15.0,16.5,13.5,16.0,0.1,0.6,9600,16.0,16.0,16.0
TMC,12.3,13.5,11.1,12.8,2.0,11.5,143820,13.1,12.0,12.5
TMX,11.3,12.4,10.2,0.0,0.0,0.0,0,0.0,0.0,0.0
TNG,30.8,33.8,27.8,30.7,120.4,952.2,29336730,31.1,30.6,30.8
TOT,14.8,16.2,13.4,16.2,0.1,56.9,921640,16.2,16.1,16.2
TPH,9.0,9.9,8.1,0.0,0.0,0.0,0,0.0,0.0,0.0
TPP,12.3,13.5,11.1,11.2,0.7,1.0,11410,12.3,11.1,11.4
TSB,10.6,11.6,9.6,9.6,0.4,5.9,57420,10.2,9.6,9.7
TST,13.5,14.8,12.2,0.0,0.0,0.0,0,0.0,0.0,0.0
TTC,15.9,17.4,14.4,15.0,0.1,5.8,87000,15.0,15.0,15.0
TTH,6.2,6.8,5.6,6.8,4.0,1033.5,7002940,6.8,6.3,6.8
TTL,14.8,16.2,13.4,15.0,4.0,39.0,581960,15.0,14.8,14.9
TTT,47.8,52.5,43.1,0.0,0.0,0.0,0,0.0,0.0,0.0
TTZ,6.6,7.2,6.0,7.2,7.0,74.4,532370,7.2,6.7,7.2
TV3,21.3,23.4,19.2,23.4,0.4,117.9,2634020,23.4,21.3,22.3
TV4,16.9,18.5,15.3,16.7,0.1,12.3,202760,16.7,16.4,16.5
TVC,19.5,21.4,17.6,19.0,73.5,1188.3,22631820,19.6,18.8,19.0
TVD,12.4,13.6,11.2,12.8,11.1,77.7,995360,13.0,12.5,12.8
TXM,7.4,8.1,6.7,7.7,0.9,23.0,172750,7.7,7.3,7.5
UNI,18.0,19.8,16.2,17.5,1.1,2.7,47370,17.8,17.5,17.6
V12,21.0,23.1,18.9,20.0,0.5,5.9,121800,21.0,20.0,20.7
V21,11.0,12.1,9.9,10.9,0.4,3.2,34770,11.0,10.4,10.9
VBC,27.5,30.2,24.8,30.2,0.5,15.9,475280,30.2,28.0,29.9
VC1,20.9,22.9,18.9,22.7,0.1,0.1,2270,22.7,22.7,22.7
VC2,47.1,51.8,42.4,47.9,10.0,69.3,3267820,49.3,46.0,47.0
VC3,57.5,63.2,51.8,57.0,2.6,162.2,9252020,58.0,55.3,57.0
VC6,12.2,13.4,11.0,12.2,0.1,0.2,2450,12.3,12.2,12.2
VC7,19.4,21.3,17.5,21.3,0.1,329.0,6970470,21.3,19.4,21.2
VC9,12.9,14.1,11.7,13.1,0.4,10.0,131240,13.8,12.9,13.1
VCC,31.6,34.7,28.5,31.9,0.4,23.4,735030,32.2,28.6,31.4
VCM,17.9,19.6,16.2,0.0,0.0,0.0,0,0.0,0.0,0.0
VCS,108.8,119.6,98.0,109.8,0.5,42.4,4617050,109.9,107.8,108.9
VDL,20.0,22.0,18.0,0.0,0.0,0.0,0,0.0,0.0,0.0
VE1,6.3,6.9,5.7,6.8,0.2,12.5,84170,6.9,6.4,6.7
VE2,7.3,8.0,6.6,0.0,0.0,0.0,0,0.0,0.0,0.0
VE3,10.0,11.0,9.0,9.5,0.3,9.3,99490,11.0,9.5,10.7
VE4,60.0,66.0,54.0,0.0,0.0,0.0,0,0.0,0.0,0.0
VE8,9.6,10.5,8.7,9.7,0.5,1.1,10510,9.7,9.1,9.6
VGP,30.6,33.6,27.6,27.6,1.3,1.4,38640,27.6,27.6,27.6
VGS,37.3,41.0,33.6,38.0,68.4,288.4,10650660,38.5,35.8,36.6
VHE,8.4,9.2,7.6,8.8,6.0,331.0,2944170,9.1,8.6,8.9
VHL,26.5,29.1,23.9,24.7,0.4,1.4,34560,24.7,24.5,24.7
VIE,12.4,13.6,11.2,13.5,0.8,4.9,66180,13.6,11.2,13.5
VIF,19.2,21.1,17.3,19.4,0.7,2.2,42580,19.4,19.2,19.4
VIG,13.7,15.0,12.4,13.6,33.6,814.8,11132150,14.2,13.3,13.7
VIT,24.5,26.9,22.1,26.5,7.0,7.0,185500,26.5,26.5,0.0
VKC,8.9,9.7,8.1,9.7,0.5,346.3,3353650,9.7,9.5,9.7
VLA,81.1,89.2,73.0,82.0,1.7,11.7,973570,89.2,77.0,83.4
VMC,20.3,22.3,18.3,20.2,1.0,123.8,2508380,20.5,19.9,20.3
VMS,13.5,14.8,12.2,13.6,0.2,0.2,2720,13.6,13.6,13.6
VNC,33.0,36.3,29.7,33.2,0.1,0.1,3320,33.2,33.2,33.2
VNF,20.4,22.4,18.4,20.7,0.1,1.5,30450,20.7,19.2,20.3
VNR,27.8,30.5,25.1,27.0,11.2,39.8,1063640,27.8,25.2,26.6
VNT,67.5,74.2,60.8,73.0,0.1,0.2,14600,73.0,73.0,73.0
VSA,27.0,29.7,24.3,27.1,0.5,0.6,16300,27.5,27.1,27.2
VSM,27.2,29.9,24.5,0.0,0.0,0.0,0,0.0,0.0,0.0
VTC,15.0,16.5,13.5,15.0,0.1,0.7,10500,15.0,15.0,15.0
VTH,11.0,12.1,9.9,10.9,0.1,0.1,1090,10.9,10.9,10.9
VTJ,7.2,7.9,6.5,7.3,0.1,0.6,4400,7.5,7.3,7.3
VTL,13.0,14.3,11.7,0.0,0.0,0.0,0,0.0,0.0,0.0
VTV,8.0,8.8,7.2,8.0,4.5,80.1,648070,8.3,8.0,8.1
VTZ,11.8,12.9,10.7,11.9,0.1,21.6,253430,11.9,11.6,11.7
VXB,33.0,36.3,29.7,36.0,0.2,5.0,178870,36.0,29.7,35.8
WCS,176.0,193.6,158.4,176.0,0.1,0.3,52900,177.0,176.0,176.3
WSS,13.2,14.5,11.9,13.9,1.6,154.5,2137020,14.5,13.0,13.8
X20,14.2,15.6,12.8,0.0,0.0,0.0,0,0.0,0.0,0.0
A32,31.5,36.2,26.8,30.1,0.4,2.5,74650,30.1,29.6,29.9
AAS,24.6,28.2,21.0,26.2,0.2,314.9,8176610,27.1,25.2,26.0
ABB,20.8,23.9,17.7,21.3,1.1,2477.9,52585180,21.5,20.9,21.2
ABC,11.7,13.4,10.0,11.7,0.3,13.1,155310,12.4,11.7,11.9
ABI,54.0,62.1,45.9,56.3,0.3,213.5,11854290,62.1,52.2,55.5
ABR,21.0,24.1,17.9,21.0,0.1,1.2,25120,21.0,20.2,20.9
ACE,35.9,41.2,30.6,35.9,0.3,4.7,168960,36.0,35.9,35.9
ACG,105.3,121.0,89.6,104.8,0.1,75.8,7941680,105.0,102.0,104.8
ACS,12.2,14.0,10.4,0.0,0.0,0.0,0,0.0,0.0,0.0
ACV,87.3,100.3,74.3,87.0,0.2,9.2,798780,87.8,86.5,86.8
ADP,25.5,29.3,21.7,25.5,0.1,1.1,28050,25.5,25.5,25.5
AFX,14.8,17.0,12.6,15.2,0.1,29.5,445590,15.4,15.0,15.1
AG1,7.1,8.1,6.1,7.5,0.1,7.0,51590,7.6,7.1,7.4
AGF,4.9,5.6,4.2,4.4,0.1,22.2,96470,4.9,4.2,4.3
AGP,19.6,22.5,16.7,19.8,0.5,2.0,39810,20.0,19.8,19.9
AGX,40.0,46.0,34.0,0.0,0.0,0.0,0,0.0,0.0,0.0
AIC,13.8,15.8,11.8,13.9,1.0,4.9,68010,14.0,13.3,13.9
ALV,6.8,7.8,5.8,7.1,0.1,26.1,186590,7.8,7.0,7.1
AMP,19.5,22.4,16.6,0.0,0.0,0.0,0,0.0,0.0,0.0
AMS,12.5,14.3,10.7,12.7,2.2,98.9,1258310,13.0,12.6,12.7
ANT,13.7,15.7,11.7,15.7,0.1,10.0,156130,15.7,15.4,15.6
APF,54.9,63.1,46.7,55.2,0.2,5.8,318120,56.9,54.6,54.8
APL,20.7,23.8,17.6,0.0,0.0,0.0,0,0.0,0.0,0.0
APT,4.8,5.5,4.1,5.1,0.4,0.7,3570,5.1,5.1,5.1
ASA,14.7,16.9,12.5,12.5,0.3,251.5,3170030,16.0,12.5,12.6
ATA,4.1,4.7,3.5,3.7,0.1,300.4,1118910,4.6,3.6,3.7
ATB,2.3,2.6,2.0,2.3,5.0,351.3,812320,2.5,2.2,2.3
ATG,3.0,3.4,2.6,3.0,0.1,442.3,1317480,3.1,2.8,3.0
AUM,10.5,14.7,6.3,0.0,0.0,0.0,0,0.0,0.0,0.0
AVC,34.0,39.1,28.9,35.0,0.4,0.4,14000,35.0,35.0,35.0
AVF,1.9,2.1,1.7,1.8,5.0,2802.3,5145550,2.0,1.7,1.8
B82,2.1,2.4,1.8,2.1,0.2,455.4,911190,2.4,1.8,2.0
BAL,10.6,12.1,9.1,11.1,0.9,5.3,58390,11.1,11.0,11.0
BBH,7.9,11.0,4.8,0.0,0.0,0.0,0,0.0,0.0,0.0
BBM,10.2,11.7,8.7,0.0,0.0,0.0,0,0.0,0.0,0.0
BBT,22.4,25.7,19.1,22.8,0.4,1.8,41030,23.0,22.7,22.8
BCA,10.9,12.5,9.3,11.0,0.1,242.7,2689750,11.1,10.9,11.1
BCB,3.6,5.0,2.2,0.0,0.0,0.0,0,0.0,0.0,0.0
BCP,10.2,11.7,8.7,10.2,0.3,1.6,16280,10.2,10.0,10.2
BCV,21.5,30.1,12.9,0.0,0.0,0.0,0,0.0,0.0,0.0
BDG,44.0,50.6,37.4,44.0,0.3,15.7,690780,44.1,43.8,44.0
BDT,39.1,44.9,33.3,44.0,0.1,0.1,4400,44.0,44.0,44.0
BDW,17.8,20.4,15.2,0.0,0.0,0.0,0,0.0,0.0,0.0
BEL,13.0,14.9,11.1,0.0,0.0,0.0,0,0.0,0.0,0.0
BGW,19.5,22.4,16.6,0.0,0.0,0.0,0,0.0,0.0,0.0
BHA,13.4,15.4,11.4,0.0,0.0,0.0,0,0.0,0.0,0.0
BHC,4.5,5.1,3.9,4.1,0.4,1.0,4100,4.1,4.1,4.1
BHG,13.5,15.5,11.5,0.0,0.0,0.0,0,0.0,0.0,0.0
BHK,13.8,15.8,11.8,0.0,0.0,0.0,0,0.0,0.0,0.0
BHP,9.4,10.8,8.0,10.5,0.1,2.6,27300,10.5,10.5,10.5
DAC,5.9,6.7,5.1,0.0,0.0,0.0,0,0.0,0.0,0.0
DAN,55.9,64.2,47.6,57.9,0.1,0.1,5790,57.9,57.9,57.9
DAP,35.6,40.9,30.3,0.0,0.0,0.0,0,0.0,0.0,0.0
DAR,13.0,14.9,11.1,0.0,0.0,0.0,0,0.0,0.0,0.0
DAS,14.7,16.9,12.5,0.0,0.0,0.0,0,0.0,0.0,0.0
DBH,7.8,10.9,4.7,0.0,0.0,0.0,0,0.0,0.0,0.0
DBM,30.0,34.5,25.5,0.0,0.0,0.0,0,0.0,0.0,0.0
DBW,10.0,14.0,6.0,0.0,0.0,0.0,0,0.0,0.0,0.0
DC1,20.7,23.8,17.6,20.0,2.1,3.8,75070,20.0,17.6,19.8
DCF,21.0,24.1,17.9,0.0,0.0,0.0,0,0.0,0.0,0.0
DCG,13.4,15.4,11.4,0.0,0.0,0.0,0,0.0,0.0,0.0
DCH,6.8,7.8,5.8,5.9,1.9,1.9,11210,5.9,5.9,5.9
DCR,9.2,10.5,7.9,8.9,0.1,23.2,221370,10.5,8.1,9.5
DCS,3.8,4.3,3.3,3.8,0.1,2311.2,8717180,4.1,3.6,3.8
DCT,3.1,3.5,2.7,2.8,0.3,60.3,168130,3.1,2.7,2.8
DDH,5.3,7.4,3.2,0.0,0.0,0.0,0,0.0,0.0,0.0
DDM,5.0,5.7,4.3,4.3,0.2,16.1,69430,4.9,4.3,4.3
DDN,17.3,19.8,14.8,17.4,0.1,14.6,249010,17.5,16.0,17.1
DDV,18.6,21.3,15.9,18.3,0.1,518.6,9487570,21.3,17.7,18.3
DFC,28.1,32.3,23.9,30.0,0.1,0.2,5810,30.0,28.1,29.0
DFF,25.3,29.0,21.6,25.4,0.1,12.3,313850,25.6,25.0,25.5
DGT,35.5,40.8,30.2,36.0,0.1,122.4,4411360,36.2,35.1,36.0
DHB,9.1,10.4,7.8,8.2,0.2,15.0,127740,9.2,8.1,8.5
DHD,24.1,27.7,20.5,24.0,5.0,5.0,120000,24.0,24.0,24.0
DHN,32.0,36.8,27.2,33.0,0.1,0.2,6600,33.0,33.0,33.0
DIC,6.3,7.2,5.4,6.1,2.0,1084.9,6913760,7.2,5.9,6.4
DID,10.6,12.1,9.1,11.9,1.0,71.3,829210,12.0,11.0,11.6
DKC,3.3,4.6,2.0,0.0,0.0,0.0,0,0.0,0.0,0.0
DKH,21.0,29.4,12.6,0.0,0.0,0.0,0,0.0,0.0,0.0
DLD,28.1,32.3,23.9,0.0,0.0,0.0,0,0.0,0.0,0.0
DLR,12.3,14.1,10.5,13.0,0.1,2.4,30820,13.0,12.5,12.8
DLT,22.4,25.7,19.1,0.0,0.0,0.0,0,0.0,0.0,0.0
DM7,8.5,11.9,5.1,0.0,0.0,0.0,0,0.0,0.0,0.0
DMN,12.5,14.3,10.7,12.8,0.1,0.1,1280,12.8,12.8,12.8
DNA,23.5,27.0,20.0,0.0,0.0,0.0,0,0.0,0.0,0.0
DNB,6.9,9.6,4.2,0.0,0.0,0.0,0,0.0,0.0,0.0
DND,26.5,30.4,22.6,0.0,0.0,0.0,0,0.0,0.0,0.0
DNE,12.5,14.3,10.7,0.0,0.0,0.0,0,0.0,0.0,0.0
DNH,40.0,46.0,34.0,0.0,0.0,0.0,0,0.0,0.0,0.0
DNL,22.5,25.8,19.2,0.0,0.0,0.0,0,0.0,0.0,0.0
DNN,0.2,0.3,0.1,0.0,0.0,0.0,0,0.0,0.0,0.0
DNT,20.0,23.0,17.0,0.0,0.0,0.0,0,0.0,0.0,0.0
DNW,25.9,29.7,22.1,25.9,0.2,1.3,33670,25.9,25.9,25.9
DOC,10.2,11.7,8.7,0.0,0.0,0.0,0,0.0,0.0,0.0
DOP,13.1,15.0,11.2,13.0,0.5,1.5,19500,13.0,13.0,13.0
DP1,26.1,30.0,22.2,26.1,0.2,1.3,33990,26.2,26.1,26.1
DP2,7.6,8.7,6.5,7.1,0.1,1.1,7760,7.5,6.7,7.1
DPD,24.0,33.6,14.4,0.0,0.0,0.0,0,0.0,0.0,0.0
DPH,54.8,63.0,46.6,0.0,0.0,0.0,0,0.0,0.0,0.0
DPP,18.0,20.7,15.3,0.0,0.0,0.0,0,0.0,0.0,0.0
DPS,2.1,2.4,1.8,2.0,0.1,2413.3,4719310,2.2,1.8,2.0
DRG,14.7,16.9,12.5,16.0,0.7,18.5,291280,16.2,14.9,15.7
DRI,13.9,15.9,11.9,14.5,0.1,233.8,3387620,14.9,14.0,14.5
DSC,20.0,23.0,17.0,20.1,0.1,15.8,316010,20.1,20.0,20.0
DSG,7.2,8.2,6.2,7.8,1.3,2.2,16930,7.8,6.5,7.7
DSP,10.0,11.5,8.5,0.0,0.0,0.0,0,0.0,0.0,0.0
DSV,7.4,8.5,6.3,0.0,0.0,0.0,0,0.0,0.0,0.0
DT4,7.1,9.9,4.3,0.0,0.0,0.0,0,0.0,0.0,0.0
DTB,14.9,17.1,12.7,14.0,0.3,0.5,6870,14.0,12.7,13.7
DTE,22.5,25.8,19.2,22.6,5.7,118.8,2683200,22.8,22.3,22.6
DTG,18.2,20.9,15.5,18.2,0.2,1.3,23600,18.2,18.0,18.2
DTI,13.0,14.9,11.1,13.9,0.1,3.6,47240,13.9,13.1,13.1
DTP,75.2,86.4,64.0,71.0,0.3,3.8,271520,75.2,71.0,71.5
DTV,36.0,41.4,30.6,0.0,0.0,0.0,0,0.0,0.0,0.0
DUS,21.0,24.1,17.9,0.0,0.0,0.0,0,0.0,0.0,0.0
DVC,12.0,13.8,10.2,13.4,0.1,0.1,1340,13.4,13.4,13.4
DVN,21.7,24.9,18.5,22.0,0.2,155.1,3392980,22.4,21.6,21.9
DVW,14.2,19.8,8.6,0.0,0.0,0.0,0,0.0,0.0,0.0
DWC,20.0,23.0,17.0,0.0,0.0,0.0,0,0.0,0.0,0.0
DWS,12.6,14.4,10.8,12.6,0.2,0.2,2520,12.6,12.6,12.6
DX2,6.7,7.7,5.7,0.0,0.0,0.0,0,0.0,0.0,0.0
DXD,12.0,13.8,10.2,11.4,0.4,3.5,40210,11.5,11.4,11.5
DXL,5.9,6.7,5.1,0.0,0.0,0.0,0,0.0,0.0,0.0
E12,10.0,14.0,6.0,0.0,0.0,0.0,0,0.0,0.0,0.0
E29,19.1,21.9,16.3,18.4,0.2,11.0,200260,18.5,17.9,18.2
EAD,21.6,24.8,18.4,0.0,0.0,0.0,0,0.0,0.0,0.0
EFI,3.4,3.9,2.9,3.4,0.1,4.2,13710,3.6,3.0,3.3
EIC,20.7,23.8,17.6,23.6,2.5,42.3,996070,23.8,21.0,23.5
EIN,14.0,16.1,11.9,14.5,0.1,35.2,483590,14.7,13.3,13.7
EME,31.3,35.9,26.7,0.0,0.0,0.0,0,0.0,0.0,0.0
EMG,14.0,19.6,8.4,0.0,0.0,0.0,0,0.0,0.0,0.0
EMS,36.0,41.4,30.6,37.0,0.1,0.5,18100,37.0,36.0,36.2
EPC,8.6,9.8,7.4,0.0,0.0,0.0,0,0.0,0.0,0.0
EPH,11.0,12.6,9.4,0.0,0.0,0.0,0,0.0,0.0,0.0
FBA,0.9,1.0,0.8,0.0,0.0,0.0,0,0.0,0.0,0.0
FBC,7.3,10.2,4.4,0.0,0.0,0.0,0,0.0,0.0,0.0
FCC,11.0,12.6,9.4,0.0,0.0,0.0,0,0.0,0.0,0.0
FCS,4.8,6.7,2.9,0.0,0.0,0.0,0,0.0,0.0,0.0
FDG,2.0,2.3,1.7,1.9,0.1,416.4,773510,2.1,1.8,1.9
FGL,12.5,14.3,10.7,0.0,0.0,0.0,0,0.0,0.0,0.0
FHN,13.0,14.9,11.1,0.0,0.0,0.0,0,0.0,0.0,0.0
FHS,28.6,32.8,24.4,0.0,0.0,0.0,0,0.0,0.0,0.0
FIC,35.6,40.9,30.3,35.4,0.1,4.6,154700,35.5,32.2,33.6
FOC,123.0,141.4,104.6,124.9,0.2,1.4,172920,124.9,122.7,123.5
FOX,69.1,79.4,58.8,69.5,0.1,4.4,308690,72.5,69.3,70.2
FRC,36.0,41.4,30.6,0.0,0.0,0.0,0,0.0,0.0,0.0
FRM,19.0,21.8,16.2,0.0,0.0,0.0,0,0.0,0.0,0.0
FSO,11.5,16.1,6.9,0.0,0.0,0.0,0,0.0,0.0,0.0
FT1,37.5,43.1,31.9,37.5,0.4,7.2,270000,37.5,37.5,37.5
FTI,3.5,4.9,2.1,0.0,0.0,0.0,0,0.0,0.0,0.0
G20,2.0,2.3,1.7,2.0,4.5,108.0,212730,2.1,1.9,2.0
G36,17.6,20.2,15.0,18.9,0.2,1626.3,31295890,19.9,18.5,19.2
GCB,19.0,21.8,16.2,0.0,0.0,0.0,0,0.0,0.0,0.0
GE2,32.0,36.8,27.2,32.0,0.2,0.6,19200,32.0,32.0,32.0
GER,21.7,24.9,18.5,0.0,0.0,0.0,0,0.0,0.0,0.0
GGG,4.5,5.1,3.9,4.4,5.0,29.2,130250,4.5,4.4,4.5
GH3,9.6,13.4,5.8,0.0,0.0,0.0,0,0.0,0.0,0.0
GHC,28.8,33.1,24.5,29.9,1.3,7.9,234440,30.0,28.9,29.7
GLC,10.0,14.0,6.0,0.0,0.0,0.0,0,0.0,0.0,0.0
GLW,3.8,5.3,2.3,0.0,0.0,0.0,0,0.0,0.0,0.0
GND,33.9,38.9,28.9,31.4,0.5,3.2,100850,32.5,31.4,31.5
GQN,10.1,14.1,6.1,0.0,0.0,0.0,0,0.0,0.0,0.0
GSM,11.2,12.8,9.6,12.8,0.4,1.4,17920,12.8,12.8,12.8
GTD,15.6,17.9,13.3,0.0,0.0,0.0,0,0.0,0.0,0.0
GTH,7.2,8.2,6.2,7.2,0.1,0.4,2710,7.2,6.4,6.8
GTK,12.0,16.8,7.2,0.0,0.0,0.0,0,0.0,0.0,0.0
GTS,14.0,16.1,11.9,12.6,0.1,0.1,1260,12.6,12.6,12.6
GTT,1.8,2.0,1.6,1.9,10.0,2183.0,4161490,2.0,1.7,1.9
GVT,134.0,154.1,113.9,136.0,0.1,0.3,40800,136.0,136.0,136.0
H11,8.5,9.7,7.3,9.7,0.1,8.4,65690,9.7,7.3,7.8
HAB,75.2,105.2,45.2,0.0,0.0,0.0,0,0.0,0.0,0.0
HAC,12.6,14.4,10.8,12.7,0.5,24.5,313470,13.0,12.7,12.8
HAF,19.4,22.3,16.5,20.5,0.2,0.4,8170,21.9,18.8,20.4
HAM,26.0,29.9,22.1,0.0,0.0,0.0,0,0.0,0.0,0.0
HAN,12.3,14.1,10.5,13.7,0.2,2.5,32930,13.7,12.9,13.2
HAV,6.9,7.9,5.9,6.9,0.1,1.3,8970,6.9,6.9,6.9
HAW,10.0,14.0,6.0,0.0,0.0,0.0,0,0.0,0.0,0.0
HBD,17.2,19.7,14.7,0.0,0.0,0.0,0,0.0,0.0,0.0
HBH,9.0,10.3,7.7,8.5,0.4,2.9,24650,8.5,8.5,8.5
HC1,19.0,21.8,16.2,0.0,0.0,0.0,0,0.0,0.0,0.0
HC3,34.5,39.6,29.4,35.0,0.4,2.5,86500,35.0,34.5,34.6
HCB,19.4,22.3,16.5,0.0,0.0,0.0,0,0.0,0.0,0.0
HCI,57.7,80.7,34.7,0.0,0.0,0.0,0,0.0,0.0,0.0
HD2,12.3,14.1,10.5,11.7,0.8,23.5,277320,12.3,11.5,11.8
HD6,33.3,38.2,28.4,38.2,0.2,232.4,8836690,38.2,35.0,38.0
HD8,11.6,13.3,9.9,11.6,0.1,6.7,76540,11.6,11.2,11.4
HDM,24.3,27.9,20.7,0.0,0.0,0.0,0,0.0,0.0,0.0
HDO,2.2,2.5,1.9,2.2,3.3,158.2,339740,2.3,2.1,2.1
HDP,13.4,15.4,11.4,13.4,0.2,0.8,10860,14.5,13.4,13.6
HDW,15.2,17.4,13.0,0.0,0.0,0.0,0,0.0,0.0,0.0
HEC,75.0,86.2,63.8,0.0,0.0,0.0,0,0.0,0.0,0.0
HEJ,47.3,54.3,40.3,47.1,0.1,16.5,787870,50.0,47.0,47.8
HEM,13.7,15.7,11.7,0.0,0.0,0.0,0,0.0,0.0,0.0
HEP,17.3,19.8,14.8,0.0,0.0,0.0,0,0.0,0.0,0.0
HES,20.2,23.2,17.2,0.0,0.0,0.0,0,0.0,0.0,0.0
HFB,9.9,11.3,8.5,0.0,0.0,0.0,0,0.0,0.0,0.0
HFC,11.1,12.7,9.5,11.4,0.5,0.8,9120,11.4,11.4,11.4
HFX,5.2,5.9,4.5,5.9,0.1,0.1,590,5.9,5.9,5.9
HGA,10.0,14.0,6.0,0.0,0.0,0.0,0,0.0,0.0,0.0
HGC,9.1,12.7,5.5,0.0,0.0,0.0,0,0.0,0.0,0.0
HGR,10.0,14.0,6.0,0.0,0.0,0.0,0,0.0,0.0,0.0
HGT,10.0,14.0,6.0,0.0,0.0,0.0,0,0.0,0.0,0.0
HGW,10.3,11.8,8.8,11.0,0.5,0.5,5500,11.0,11.0,11.0
HHN,6.6,9.2,4.0,0.0,0.0,0.0,0,0.0,0.0,0.0
HHR,0.4,0.5,0.3,0.0,0.0,0.0,0,0.0,0.0,0.0
HIG,10.4,11.9,8.9,10.5,0.2,7.4,74200,10.5,9.8,10.0
HJC,7.5,8.6,6.4,0.0,0.0,0.0,0,0.0,0.0,0.0
HKB,2.4,2.7,2.1,2.4,0.1,418.1,967600,2.5,2.2,2.3
HKP,23.0,32.2,13.8,0.0,0.0,0.0,0,0.0,0.0,0.0
HLA,1.8,2.0,1.6,1.8,0.1,382.2,674470,1.9,1.7,1.8
HLB,300.0,345.0,255.0,0.0,0.0,0.0,0,0.0,0.0,0.0
HLE,3.1,4.3,1.9,0.0,0.0,0.0,0,0.0,0.0,0.0
HLG,6.3,7.2,5.4,6.4,0.1,1.2,7570,6.4,6.3,6.3
HLR,6.7,7.7,5.7,0.0,0.0,0.0,0,0.0,0.0,0.0
HLS,19.0,21.8,16.2,0.0,0.0,0.0,0,0.0,0.0,0.0
HLT,18.0,20.7,15.3,0.0,0.0,0.0,0,0.0,0.0,0.0
HLY,16.1,18.5,13.7,13.7,0.2,0.4,6240,18.5,13.7,15.6
HMG,13.0,14.9,11.1,0.0,0.0,0.0,0,0.0,0.0,0.0
HMS,45.2,51.9,38.5,45.9,0.4,4.3,195710,46.0,44.5,45.5
HNA,13.3,15.2,11.4,13.6,1.0,1.7,23050,13.6,13.5,13.6
HNB,16.3,18.7,13.9,0.0,0.0,0.0,0,0.0,0.0,0.0
HND,18.9,21.7,16.1,19.0,2.2,56.5,1072230,19.1,18.9,19.0
HNE,12.1,13.9,10.3,13.0,0.4,9.7,120550,13.3,12.2,12.4
HNF,23.0,26.4,19.6,24.2,0.3,0.5,12100,24.2,24.2,24.2
HNI,58.0,66.7,49.3,0.0,0.0,0.0,0,0.0,0.0,0.0
HNM,14.0,16.1,11.9,13.8,5.0,128.4,1826190,14.7,13.8,14.2
HNP,23.3,26.7,19.9,0.0,0.0,0.0,0,0.0,0.0,0.0
HNR,12.0,16.8,7.2,0.0,0.0,0.0,0,0.0,0.0,0.0
HNT,7.7,8.8,6.6,7.3,0.1,0.7,5190,7.7,7.3,7.4
HPB,20.5,23.5,17.5,0.0,0.0,0.0,0,0.0,0.0,0.0
HPD,20.8,23.9,17.7,21.1,0.1,0.8,16720,21.3,20.8,20.9
HPH,11.6,13.3,9.9,0.0,0.0,0.0,0,0.0,0.0,0.0
HPI,27.4,31.5,23.3,28.0,2.0,10.1,247050,30.5,23.5,24.5
HPP,68.5,78.7,58.3,70.5,0.2,3.4,238530,72.3,69.0,70.2
HPT,14.0,16.1,11.9,14.0,0.1,0.7,9790,14.0,13.9,14.0
HPW,18.0,20.7,15.3,0.0,0.0,0.0,0,0.0,0.0,0.0
HRB,23.5,32.9,14.1,0.0,0.0,0.0,0,0.0,0.0,0.0
HRT,8.5,9.7,7.3,9.2,0.3,66.0,612430,9.7,8.6,9.3
HSA,33.7,38.7,28.7,0.0,0.0,0.0,0,0.0,0.0,0.0
HSI,3.0,3.4,2.6,2.8,0.1,57.2,152160,2.9,2.6,2.7
HSM,16.4,18.8,14.0,0.0,0.0,0.0,0,0.0,0.0,0.0
HSP,12.6,14.4,10.8,13.9,0.1,0.1,1390,13.9,13.9,13.9
HSV,12.1,13.9,10.3,12.6,0.1,86.1,1081640,12.7,12.2,12.6
HTE,7.1,8.1,6.1,7.5,0.1,23.4,175380,7.7,7.1,7.5
HTG,32.5,37.3,27.7,34.0,1.0,14.0,471360,34.0,33.2,33.7
HTH,40.0,46.0,34.0,0.0,0.0,0.0,0,0.0,0.0,0.0
HTK,10.0,11.5,8.5,0.0,0.0,0.0,0,0.0,0.0,0.0
HTM,18.0,20.7,15.3,18.0,2.0,2.2,39740,18.7,18.0,18.1
HTR,10.0,14.0,6.0,0.0,0.0,0.0,0,0.0,0.0,0.0
HTT,3.4,3.9,2.9,3.2,0.1,816.8,2559340,3.7,2.9,3.1
HTW,10.0,14.0,6.0,0.0,0.0,0.0,0,0.0,0.0,0.0
HU4,18.4,21.1,15.7,19.8,0.1,113.1,2218550,19.9,19.3,19.6
HU6,9.6,11.0,8.2,9.6,0.2,4.5,43220,9.7,9.6,9.6
HUG,37.9,43.5,32.3,0.0,0.0,0.0,0,0.0,0.0,0.0
HUX,10.0,14.0,6.0,0.0,0.0,0.0,0,0.0,0.0,0.0
HVA,8.3,9.5,7.1,8.0,0.8,22.6,178820,8.3,7.3,7.9
HVG,4.5,5.1,3.9,4.4,0.1,3605.8,16020330,4.8,4.3,4.4
HWS,14.1,16.2,12.0,14.3,0.1,0.1,1430,14.3,14.3,14.3
I10,0.8,1.1,0.5,0.0,0.0,0.0,0,0.0,0.0,0.0
IBD,16.3,18.7,13.9,0.0,0.0,0.0,0,0.0,0.0,0.0
IBN,12.0,16.8,7.2,0.0,0.0,0.0,0,0.0,0.0,0.0
ICC,35.5,40.8,30.2,0.0,0.0,0.0,0,0.0,0.0,0.0
ICF,3.6,4.1,3.1,3.5,5.0,92.3,320030,3.6,3.3,3.5
ICI,7.8,8.9,6.7,7.9,0.1,0.2,1580,7.9,7.9,7.9
ICN,71.0,81.6,60.4,0.0,0.0,0.0,0,0.0,0.0,0.0
IDP,129.3,148.6,110.0,148.6,0.5,3.5,518070,148.6,145.0,148.0
IFS,25.0,28.7,21.3,25.0,0.1,17.1,427500,25.0,25.0,25.0
IHK,14.5,16.6,12.4,12.6,0.1,0.1,1260,12.6,12.6,12.6
ILA,11.9,13.6,10.2,12.0,0.1,115.8,1423240,12.9,11.8,12.3
ILC,9.0,10.3,7.7,9.0,0.2,1.1,9900,9.0,9.0,9.0
ILS,16.1,18.5,13.7,17.9,0.1,0.1,1790,17.9,17.9,17.9
IME,72.2,83.0,61.4,0.0,0.0,0.0,0,0.0,0.0,0.0
IN4,100.0,140.0,60.0,0.0,0.0,0.0,0,0.0,0.0,0.0
IPH,69.0,96.6,41.4,0.0,0.0,0.0,0,0.0,0.0,0.0
IRC,8.7,12.1,5.3,0.0,0.0,0.0,0,0.0,0.0,0.0
ISG,7.4,8.5,6.3,8.5,0.1,0.3,2550,8.5,8.5,8.5
ISH,19.0,21.8,16.2,21.5,0.4,1.8,38500,21.5,21.0,21.4
IST,29.3,33.6,25.0,0.0,0.0,0.0,0,0.0,0.0,0.0
ITS,8.2,9.4,7.0,8.5,1.6,12.2,103850,9.1,8.4,8.5
JOS,2.9,3.3,2.5,2.5,0.1,1.8,4640,2.9,2.5,2.6
KAC,13.4,15.4,11.4,15.4,0.3,0.4,6160,15.4,15.4,15.4
KCB,8.7,10.0,7.4,8.6,0.1,1.8,15650,8.9,8.6,8.7
KCE,14.0,16.1,11.9,0.0,0.0,0.0,0,0.0,0.0,0.0
KGM,11.5,13.2,9.8,0.0,0.0,0.0,0,0.0,0.0,0.0
KHA,30.0,34.5,25.5,28.0,0.4,0.4,11200,28.0,28.0,28.0
KHB,6.8,7.8,5.8,7.2,0.7,879.5,6424420,7.7,7.0,7.3
KHD,10.0,11.5,8.5,10.9,0.1,0.1,1090,10.9,10.9,10.9
KHL,2.2,2.5,1.9,2.5,0.1,480.1,1103960,2.5,2.0,2.3
KHW,16.9,23.6,10.2,0.0,0.0,0.0,0,0.0,0.0,0.0
KIP,13.3,15.2,11.4,13.0,0.1,0.6,7000,13.0,11.4,11.7
KLB,27.1,31.1,23.1,27.5,0.3,112.2,3066020,27.8,25.8,27.3
KLM,16.0,18.4,13.6,0.0,0.0,0.0,0,0.0,0.0,0.0
KSH,5.0,5.7,4.3,4.4,0.1,7353.6,32800270,5.1,4.3,4.5
KSK,3.5,4.0,3.0,4.0,2.6,2111.2,8435370,4.0,3.8,4.0
KSV,47.1,54.1,40.1,48.5,1.0,3.4,163470,49.9,47.0,48.1
KTC,11.1,12.7,9.5,0.0,0.0,0.0,0,0.0,0.0,0.0
KTL,23.7,27.2,20.2,25.0,1.0,1.0,25000,25.0,25.0,25.0
L12,12.2,14.0,10.4,14.0,0.2,30.2,422490,14.0,13.5,14.0
L44,1.9,2.1,1.7,1.8,0.5,53.1,94380,1.9,1.7,1.8
L45,7.4,8.5,6.3,7.3,0.2,3.5,25680,8.2,7.1,7.3
L63,6.8,7.8,5.8,7.8,0.1,1.1,7670,7.8,6.8,7.0
LAI,28.2,32.4,24.0,0.0,0.0,0.0,0,0.0,0.0,0.0
LAW,9.1,12.7,5.5,0.0,0.0,0.0,0,0.0,0.0,0.0
LBC,15.9,18.2,13.6,0.0,0.0,0.0,0,0.0,0.0,0.0
LCC,4.3,4.9,3.7,0.0,0.0,0.0,0,0.0,0.0,0.0
LCW,10.0,14.0,6.0,0.0,0.0,0.0,0,0.0,0.0,0.0
LDW,13.0,18.2,7.8,0.0,0.0,0.0,0,0.0,0.0,0.0
LG9,12.9,14.8,11.0,0.0,0.0,0.0,0,0.0,0.0,0.0
LGM,9.0,10.3,7.7,0.0,0.0,0.0,0,0.0,0.0,0.0
LIC,46.5,53.4,39.6,53.4,0.1,4.1,218200,53.4,49.9,53.2
LKW,44.3,50.9,37.7,0.0,0.0,0.0,0,0.0,0.0,0.0
LLM,16.1,18.5,13.7,16.2,0.1,9.2,148620,16.8,15.3,16.2
LM3,3.4,3.9,2.9,2.9,0.2,11.0,33140,3.4,2.9,3.0
LMC,15.0,17.2,12.8,0.0,0.0,0.0,0,0.0,0.0,0.0
LMH,8.8,10.1,7.5,9.1,0.1,962.0,8750390,9.2,8.9,9.1
LMI,10.0,11.5,8.5,0.0,0.0,0.0,0,0.0,0.0,0.0
LNC,10.0,14.0,6.0,0.0,0.0,0.0,0,0.0,0.0,0.0
LO5,2.8,3.2,2.4,2.7,6.5,147.9,400210,3.0,2.4,2.7
LPT,11.6,13.3,9.9,12.0,0.7,136.8,1674920,13.0,11.6,12.2
LQN,9.0,12.6,5.4,0.0,0.0,0.0,0,0.0,0.0,0.0
LTC,4.9,5.6,4.2,4.8,19.0,132.3,568580,4.8,4.2,4.3
LTG,32.4,37.2,27.6,33.1,0.1,98.2,3213280,33.3,32.4,32.7
LWS,17.9,25.0,10.8,0.0,0.0,0.0,0,0.0,0.0,0.0
LYF,16.8,23.5,10.1,0.0,0.0,0.0,0,0.0,0.0,0.0
M10,22.6,25.9,19.3,23.5,0.1,0.1,2350,23.5,23.5,23.5
MA1,29.0,33.3,24.7,0.0,0.0,0.0,0,0.0,0.0,0.0
MBN,8.4,11.7,5.1,0.0,0.0,0.0,0,0.0,0.0,0.0
MC3,8.0,11.2,4.8,0.0,0.0,0.0,0,0.0,0.0,0.0
MCH,113.2,130.1,96.3,113.5,0.9,6.6,748500,113.5,113.1,113.4
MCI,9.7,11.1,8.3,0.0,0.0,0.0,0,0.0,0.0,0.0
MCM,53.9,61.9,45.9,54.5,1.5,29.9,1607950,55.0,53.0,53.8
MCT,13.0,14.9,11.1,0.0,0.0,0.0,0,0.0,0.0,0.0
MDA,9.0,12.6,5.4,0.0,0.0,0.0,0,0.0,0.0,0.0
MDF,22.9,26.3,19.5,23.5,0.1,0.2,4570,23.5,22.2,22.8
MEC,5.1,5.8,4.4,5.8,0.1,80.7,459530,5.8,5.1,5.7
MEF,1.6,2.2,1.0,0.0,0.0,0.0,0,0.0,0.0,0.0
MEG,21.3,29.8,12.8,0.0,0.0,0.0,0,0.0,0.0,0.0
MES,10.0,14.0,6.0,0.0,0.0,0.0,0,0.0,0.0,0.0
MFS,30.5,35.0,26.0,30.8,0.5,2.0,62600,31.6,30.8,31.3
MGC,10.2,11.7,8.7,9.9,0.2,5.7,56400,10.1,9.1,9.9
MGG,37.8,43.4,32.2,0.0,0.0,0.0,0,0.0,0.0,0.0
MH3,58.7,67.5,49.9,55.5,0.1,0.1,5550,55.5,55.5,55.5
MIC,10.9,12.5,9.3,10.7,0.2,20.6,237130,11.8,10.7,11.5
MIE,8.9,10.2,7.6,0.0,0.0,0.0,0,0.0,0.0,0.0
MKP,46.8,53.8,39.8,48.0,0.1,14.2,688260,50.0,47.0,48.5
MLC,5.8,8.1,3.5,0.0,0.0,0.0,0,0.0,0.0,0.0
MLS,34.9,40.1,29.7,35.3,0.1,4.8,169190,35.5,34.9,35.2
MML,76.5,87.9,65.1,76.9,3.0,15.6,1200850,77.0,76.5,77.0
MNB,24.7,28.4,21.0,0.0,0.0,0.0,0,0.0,0.0,0.0
MND,10.0,14.0,6.0,0.0,0.0,0.0,0,0.0,0.0,0.0
MPC,40.8,46.9,34.7,40.1,0.2,51.8,2125380,41.9,40.0,41.0
MPT,2.6,2.9,2.3,2.6,0.5,1311.7,3419940,2.8,2.5,2.6
MPY,7.4,10.3,4.5,0.0,0.0,0.0,0,0.0,0.0,0.0
MQB,9.5,13.3,5.7,0.0,0.0,0.0,0,0.0,0.0,0.0
MQN,35.9,41.2,30.6,0.0,0.0,0.0,0,0.0,0.0,0.0
MRF,58.5,67.2,49.8,0.0,0.0,0.0,0,0.0,0.0,0.0
MSR,24.3,27.9,20.7,24.7,0.1,245.1,5960090,24.9,24.1,24.3
MTA,13.2,15.1,11.3,13.5,0.1,13.7,183640,15.1,13.0,13.4
MTB,9.9,13.8,6.0,0.0,0.0,0.0,0,0.0,0.0,0.0
MTC,8.6,9.8,7.4,0.0,0.0,0.0,0,0.0,0.0,0.0
MTG,6.8,7.8,5.8,6.8,0.3,7.6,53510,7.2,6.8,7.0
MTH,18.2,20.9,15.5,20.9,0.1,0.1,2090,20.9,20.9,20.9
MTL,7.0,8.0,6.0,0.0,0.0,0.0,0,0.0,0.0,0.0
MTP,13.5,15.5,11.5,13.4,0.3,1.3,17320,13.4,13.3,13.3
MTS,15.4,17.7,13.1,0.0,0.0,0.0,0,0.0,0.0,0.0
MTV,17.7,20.3,15.1,0.0,0.0,0.0,0,0.0,0.0,0.0
MVC,11.4,13.1,9.7,11.6,0.8,30.6,362010,12.2,11.4,11.8
MVN,30.2,34.7,25.7,29.7,1.0,3.5,104720,30.2,29.7,29.9
MXC,20.3,28.4,12.2,0.0,0.0,0.0,0,0.0,0.0,0.0
NAB,18.9,21.7,16.1,19.2,1.0,137.2,2640400,19.6,19.0,19.2
NAC,2.9,4.0,1.8,0.0,0.0,0.0,0,0.0,0.0,0.0
NAS,29.0,33.3,24.7,30.0,0.1,0.1,3000,30.0,30.0,30.0
NAU,11.5,13.2,9.8,11.5,0.3,0.3,3450,11.5,11.5,11.5
NAW,10.0,14.0,6.0,0.0,0.0,0.0,0,0.0,0.0,0.0
NBE,13.1,15.0,11.2,13.4,0.1,10.2,132810,13.4,12.6,13.0
NBT,15.0,17.2,12.8,0.0,0.0,0.0,0,0.0,0.0,0.0
NCS,23.1,26.5,19.7,23.1,0.1,1.4,32290,23.1,23.0,23.1
ND2,29.0,33.3,24.7,0.0,0.0,0.0,0,0.0,0.0,0.0
NDC,90.1,103.6,76.6,0.0,0.0,0.0,0,0.0,0.0,0.0
NDF,2.5,2.8,2.2,2.4,6.9,111.1,270310,2.6,2.3,2.4
NDP,23.4,26.9,19.9,0.0,0.0,0.0,0,0.0,0.0,0.0
NDT,26.1,30.0,22.2,26.5,0.8,41.4,1092580,27.9,26.0,26.4
NDW,8.3,11.6,5.0,0.0,0.0,0.0,0,0.0,0.0,0.0
NED,10.5,12.0,9.0,10.6,0.1,1346.8,14447240,11.0,10.4,10.7
NGC,13.8,15.8,11.8,13.4,1.0,3.1,42380,13.8,13.4,13.7
NHP,2.9,3.3,2.5,3.0,0.1,774.1,2321450,3.3,2.8,3.0
NHV,41.1,47.2,35.0,41.1,0.8,6.0,247400,41.4,41.1,41.2
NJC,24.0,27.6,20.4,21.0,0.1,0.1,2100,21.0,21.0,21.0
NLS,5.2,7.2,3.2,0.0,0.0,0.0,0,0.0,0.0,0.0
NNG,21.5,24.7,18.3,21.5,0.3,5.9,126850,21.5,21.5,21.5
NNQ,7.3,10.2,4.4,0.0,0.0,0.0,0,0.0,0.0,0.0
NNT,34.0,39.1,28.9,34.0,0.1,0.1,3400,34.0,34.0,34.0
NOS,2.9,3.3,2.5,2.5,0.1,64.0,165590,2.9,2.5,2.6
NQB,20.1,23.1,17.1,0.0,0.0,0.0,0,0.0,0.0,0.0
NQN,15.9,18.2,13.6,0.0,0.0,0.0,0,0.0,0.0,0.0
NQT,8.5,11.9,5.1,0.0,0.0,0.0,0,0.0,0.0,0.0
NS2,9.3,10.6,8.0,9.5,0.1,0.2,1900,9.5,9.5,9.5
NS3,15.5,17.8,13.2,15.0,0.2,0.3,4500,15.0,15.0,15.0
NSG,5.9,6.7,5.1,0.0,0.0,0.0,0,0.0,0.0,0.0
NSL,18.3,21.0,15.6,0.0,0.0,0.0,0,0.0,0.0,0.0
NSS,4.0,5.6,2.4,0.0,0.0,0.0,0,0.0,0.0,0.0
NTB,2.1,2.4,1.8,2.1,0.1,466.2,966310,2.3,1.9,2.1
NTC,214.9,247.1,182.7,213.0,0.4,11.0,2353720,219.5,212.1,214.0
NTF,18.7,21.5,15.9,0.0,0.0,0.0,0,0.0,0.0,0.0
NTT,9.5,10.9,8.1,0.0,0.0,0.0,0,0.0,0.0,0.0
NTW,18.5,21.2,15.8,18.9,0.1,0.1,1890,18.9,18.9,18.9
NUE,10.0,11.5,8.5,10.0,0.1,1.7,16810,10.0,9.6,9.9
NVP,3.8,4.3,3.3,0.0,0.0,0.0,0,0.0,0.0,0.0
NWT,2.5,3.5,1.5,0.0,0.0,0.0,0,0.0,0.0,0.0
NXT,11.6,13.3,9.9,11.7,0.9,5.9,69030,11.7,11.7,11.7
ODE,60.3,69.3,51.3,62.2,0.6,100.6,6334520,64.1,60.4,63.0
OIL,19.1,21.9,16.3,19.5,1.9,4686.1,90077740,19.7,18.7,19.2
ONW,7.3,8.3,6.3,0.0,0.0,0.0,0,0.0,0.0,0.0
PAI,8.5,11.9,5.1,0.0,0.0,0.0,0,0.0,0.0,0.0
PAP,14.8,17.0,12.6,0.0,0.0,0.0,0,0.0,0.0,0.0
PAS,18.1,20.8,15.4,18.7,0.9,1358.4,25623160,20.0,18.4,18.9
PBC,16.4,18.8,14.0,16.3,2.9,40.0,658350,16.7,16.2,16.5
PBT,9.2,10.5,7.9,0.0,0.0,0.0,0,0.0,0.0,0.0
PCC,18.6,21.3,15.9,18.6,0.5,0.6,11020,18.6,17.2,18.4
PCF,7.4,8.5,6.3,8.4,0.1,0.4,3200,8.4,7.0,8.0
PCM,12.8,14.7,10.9,13.2,0.1,0.1,1320,13.2,13.2,13.2
PCN,4.5,5.1,3.9,4.1,0.1,4.0,15690,4.2,3.9,3.9
PDT,14.3,16.4,12.2,0.0,0.0,0.0,0,0.0,0.0,0.0
PDV,10.2,11.7,8.7,10.0,2.9,6.2,62130,10.1,10.0,10.0
PEC,6.5,7.4,5.6,7.4,0.1,0.3,2220,7.4,7.4,7.4
PEG,9.9,11.3,8.5,8.6,0.4,4.1,34990,8.7,8.5,8.5
PEQ,50.0,57.5,42.5,0.0,0.0,0.0,0,0.0,0.0,0.0
PFL,11.8,13.5,10.1,12.2,5.0,409.6,4954630,12.5,11.5,12.1
PGB,28.2,32.4,24.0,28.9,0.1,79.8,2274830,28.9,28.0,28.5
PGV,39.3,45.1,33.5,39.8,10.0,78.3,3123000,40.8,39.3,39.9
PHH,12.1,13.9,10.3,12.5,0.1,0.1,1250,12.5,12.5,12.5
PHS,16.7,19.2,14.2,17.5,0.1,1.0,18500,19.1,17.5,18.5
PID,4.2,4.8,3.6,0.0,0.0,0.0,0,0.0,0.0,0.0
PIS,11.9,13.6,10.2,0.0,0.0,0.0,0,0.0,0.0,0.0
PIV,2.5,2.8,2.2,2.4,0.5,330.5,792510,2.6,2.2,2.4
PJS,19.9,22.8,17.0,0.0,0.0,0.0,0,0.0,0.0,0.0
PLA,8.4,9.6,7.2,8.4,1.0,6.2,51650,8.4,8.0,8.3
PLE,37.0,42.5,31.5,0.0,0.0,0.0,0,0.0,0.0,0.0
PLO,5.9,6.7,5.1,0.0,0.0,0.0,0,0.0,0.0,0.0
PMJ,22.2,25.5,18.9,0.0,0.0,0.0,0,0.0,0.0,0.0
PMT,9.4,10.8,8.0,10.1,0.1,0.3,2930,10.1,9.3,9.8
PMW,27.8,31.9,23.7,0.0,0.0,0.0,0,0.0,0.0,0.0
PND,13.9,15.9,11.9,0.0,0.0,0.0,0,0.0,0.0,0.0
PNG,11.7,13.4,10.0,0.0,0.0,0.0,0,0.0,0.0,0.0
PNP,22.2,25.5,18.9,0.0,0.0,0.0,0,0.0,0.0,0.0
PNT,8.3,9.5,7.1,7.9,0.2,0.5,4040,8.8,7.9,8.1
POB,60.0,69.0,51.0,0.0,0.0,0.0,0,0.0,0.0,0.0
POS,17.0,19.5,14.5,17.0,2.0,38.2,649560,17.2,16.9,17.0
POV,12.3,14.1,10.5,12.5,0.1,2.0,25340,13.3,12.3,12.7
PPH,31.0,35.6,26.4,31.0,0.5,5.5,170850,31.3,31.0,31.1
PPI,2.8,3.2,2.4,2.5,16.0,2334.6,6103010,3.0,2.4,2.6
PQN,4.0,5.6,2.4,0.0,0.0,0.0,0,0.0,0.0,0.0
PRO,6.9,7.9,5.9,7.9,0.2,1.4,10700,7.9,7.3,7.6
PRT,22.8,26.2,19.4,23.0,0.1,25.8,594290,23.7,22.7,23.0
PSB,9.9,11.3,8.5,10.0,0.1,10.0,99350,10.5,9.5,9.9
PSG,3.9,4.4,3.4,4.1,0.1,282.0,1079910,4.1,3.6,3.8
PSL,21.6,24.8,18.4,21.6,0.4,0.5,10800,21.6,21.6,21.6
PSN,11.9,13.6,10.2,0.0,0.0,0.0,0,0.0,0.0,0.0
PSP,10.9,12.5,9.3,11.0,0.5,12.3,134150,11.4,10.8,10.9
PTE,3.3,3.7,2.9,3.3,0.2,2.5,7810,3.3,3.0,3.1
PTG,0.2,0.3,0.1,0.0,0.0,0.0,0,0.0,0.0,0.0
PTH,13.2,15.1,11.3,0.0,0.0,0.0,0,0.0,0.0,0.0
PTO,20.0,23.0,17.0,0.0,0.0,0.0,0,0.0,0.0,0.0
PTP,15.5,17.8,13.2,0.0,0.0,0.0,0,0.0,0.0,0.0
PTT,7.9,9.0,6.8,7.9,1.0,1.0,7900,7.9,7.9,7.9
PTV,8.4,9.6,7.2,8.5,0.5,10.1,88060,9.2,8.5,8.7
PTX,0.3,0.4,0.2,0.0,0.0,0.0,0,0.0,0.0,0.0
PVA,3.2,3.6,2.8,3.2,0.6,316.0,1005920,3.5,3.1,3.2
PVE,5.9,6.7,5.1,5.1,1.7,313.4,1608090,5.9,5.1,5.1
PVH,4.8,5.5,4.1,4.8,2.9,74.2,364490,5.4,4.8,4.9
PVM,20.0,23.0,17.0,20.3,1.0,28.7,592700,21.0,20.2,20.7
PVO,9.4,10.8,8.0,9.4,0.2,20.2,189120,9.4,9.2,9.4
PVP,17.7,20.3,15.1,17.5,4.0,104.7,1840470,17.8,17.3,17.6
PVR,5.3,6.0,4.6,4.6,0.3,1324.1,6193800,5.6,4.6,4.7
PVV,4.1,4.7,3.5,4.2,0.4,1361.1,5648290,4.5,4.0,4.2
PVX,7.6,8.7,6.5,7.8,5.7,9111.6,72069220,8.5,7.6,7.9
PVY,3.9,4.4,3.4,4.0,0.1,17.4,67320,4.1,3.7,3.9
PWA,12.1,13.9,10.3,12.7,0.5,55.9,717740,13.5,12.2,12.8
PWS,12.0,13.8,10.2,0.0,0.0,0.0,0,0.0,0.0,0.0
PX1,10.0,14.0,6.0,0.0,0.0,0.0,0,0.0,0.0,0.0
PXA,3.1,3.5,2.7,3.3,0.8,324.7,1060810,3.5,3.0,3.3
PXC,0.5,0.6,0.4,0.0,0.0,0.0,0,0.0,0.0,0.0
PXL,16.6,19.0,14.2,16.2,0.1,566.0,9195380,17.0,15.9,16.2
PXM,2.7,3.1,2.3,2.9,0.5,244.4,723990,3.1,2.8,3.0
PXT,7.7,8.8,6.6,7.8,0.1,254.8,1967800,8.2,7.5,7.7
PYU,22.5,31.5,13.5,0.0,0.0,0.0,0,0.0,0.0,0.0
QCC,9.3,10.6,8.0,9.3,0.1,0.5,4690,9.4,9.3,9.4
QHW,33.7,38.7,28.7,0.0,0.0,0.0,0,0.0,0.0,0.0
QLD,4.4,6.1,2.7,0.0,0.0,0.0,0,0.0,0.0,0.0
QLT,29.6,34.0,25.2,29.6,0.5,1.6,47800,30.0,29.6,29.9
QNC,10.1,11.6,8.6,9.7,0.9,38.4,378960,10.4,9.7,9.9
QNS,47.1,54.1,40.1,47.2,0.3,458.9,21766290,47.7,47.2,47.4
QNT,10.0,14.0,6.0,0.0,0.0,0.0,0,0.0,0.0,0.0
QNU,15.2,17.4,13.0,0.0,0.0,0.0,0,0.0,0.0,0.0
QNW,8.6,12.0,5.2,0.0,0.0,0.0,0,0.0,0.0,0.0
QPH,27.2,31.2,23.2,27.2,0.3,0.3,8160,27.2,27.2,27.2
QSP,21.8,25.0,18.6,21.0,1.4,2.0,42100,22.0,21.0,21.0
QTP,19.0,21.8,16.2,18.4,0.1,1838.3,33905370,18.7,18.2,18.4
RAT,16.5,18.9,14.1,0.0,0.0,0.0,0,0.0,0.0,0.0
RBC,14.6,20.4,8.8,0.0,0.0,0.0,0,0.0,0.0,0.0
RCC,29.5,33.9,25.1,0.0,0.0,0.0,0,0.0,0.0,0.0
RCD,4.6,5.2,4.0,4.1,0.1,80.2,333830,4.7,4.0,4.2
RGC,24.9,28.6,21.2,26.7,0.1,10.7,285860,28.5,25.5,26.7
RTB,24.0,27.6,20.4,23.0,0.5,9.8,232950,24.1,23.0,23.8
S12,3.1,3.5,2.7,2.7,0.2,14.5,39730,3.0,2.7,2.7
S27,9.6,11.0,8.2,10.9,2.0,8.0,87200,10.9,10.9,10.9
S72,7.4,8.5,6.3,8.3,0.1,0.2,1590,8.3,7.6,8.0
S74,9.0,10.3,7.7,7.9,3.3,7.4,68300,10.3,7.9,9.2
S96,2.0,2.3,1.7,1.8,3.0,741.7,1313300,2.0,1.7,1.8
SAC,13.0,14.9,11.1,14.4,0.1,1.0,12240,14.4,12.0,12.2
SAL,12.8,14.7,10.9,0.0,0.0,0.0,0,0.0,0.0,0.0
SAP,8.6,9.8,7.4,0.0,0.0,0.0,0,0.0,0.0,0.0
SAS,27.2,31.2,23.2,27.2,0.2,0.2,5440,27.2,27.2,27.2
SB1,9.8,11.2,8.4,9.7,0.2,0.8,7360,9.8,8.6,9.2
SBD,15.5,17.8,13.2,0.0,0.0,0.0,0,0.0,0.0,0.0
SBH,39.5,45.4,33.6,39.5,0.1,0.1,3950,39.5,39.5,39.5
SBL,10.3,11.8,8.8,0.0,0.0,0.0,0,0.0,0.0,0.0
SBM,27.5,31.6,23.4,0.0,0.0,0.0,0,0.0,0.0,0.0
SBR,13.9,15.9,11.9,14.9,0.3,2.0,28030,14.9,13.8,14.0
SBS,14.0,16.1,11.9,13.8,0.6,1950.1,27193970,14.6,13.8,13.9
SCA,10.0,14.0,6.0,0.0,0.0,0.0,0,0.0,0.0,0.0
SCC,6.2,7.1,5.3,7.0,0.2,1.1,7470,7.0,6.2,6.8
SCJ,10.1,11.6,8.6,10.9,3.9,92.1,988080,11.3,10.5,10.7
SCL,17.9,20.5,15.3,19.4,0.2,34.6,668350,19.8,19.0,19.3
SCO,7.0,8.0,6.0,6.6,0.1,0.1,660,6.6,6.6,6.6
SCV,23.5,32.9,14.1,0.0,0.0,0.0,0,0.0,0.0,0.0
SCY,13.0,18.2,7.8,0.0,0.0,0.0,0,0.0,0.0,0.0
SD1,2.9,3.3,2.5,2.8,0.2,13.8,36240,2.9,2.5,2.6
SD3,7.5,8.6,6.4,7.6,0.8,53.7,408970,8.0,7.5,7.6
SD7,8.3,9.5,7.1,8.6,0.2,13.5,114080,9.0,7.5,8.4
SD8,3.4,3.9,2.9,3.0,0.9,9.8,28760,3.6,2.9,2.9
SDB,2.2,2.5,1.9,2.3,0.2,3.3,7590,2.3,2.3,2.3
SDD,6.8,7.8,5.8,7.2,0.1,360.4,2580340,7.4,7.0,7.2
SDH,2.6,2.9,2.3,2.3,0.1,91.1,226300,2.9,2.3,2.5
SDJ,8.3,9.5,7.1,9.5,0.2,15.9,150350,9.5,9.4,9.5
SDK,31.2,35.8,26.6,31.1,0.1,0.3,9330,31.1,31.1,31.1
SDP,5.7,6.5,4.9,6.2,1.0,137.2,853850,6.4,5.9,6.2
SDV,31.5,36.2,26.8,31.1,0.1,0.5,15510,32.0,30.0,31.0
SDX,4.5,5.1,3.9,4.1,9.5,33.1,139150,4.8,3.9,4.2
SDY,3.4,3.9,2.9,3.8,0.1,14.0,47070,3.8,3.2,3.4
SEA,42.8,49.2,36.4,44.8,0.1,2.5,111260,46.3,43.0,44.5
SEP,19.0,21.8,16.2,0.0,0.0,0.0,0,0.0,0.0,0.0
SGB,17.6,20.2,15.0,17.9,0.9,313.2,5630620,18.3,17.7,18.0
SGI,27.4,31.5,23.3,27.3,2.3,17.0,465850,27.9,27.3,27.4
SGO,2.0,2.3,1.7,2.0,0.1,402.5,791420,2.2,1.8,2.0
SGP,28.5,32.7,24.3,29.4,0.1,79.8,2339700,29.8,29.0,29.3
SGS,16.0,18.4,13.6,16.1,0.1,5.1,82520,17.0,16.0,16.2
SHC,12.0,13.8,10.2,12.8,0.1,0.4,4430,12.8,10.5,11.1
SHG,3.9,4.4,3.4,3.5,2.5,17.8,64000,3.7,3.5,3.6
SHX,12.0,16.8,7.2,0.0,0.0,0.0,0,0.0,0.0,0.0
SID,18.5,21.2,15.8,18.0,1.0,2.3,41840,18.5,18.0,18.2
SIG,12.0,13.8,10.2,12.8,2.0,2.8,35300,13.0,12.0,12.6
SIP,142.1,163.4,120.8,142.5,0.7,50.2,7166890,145.0,141.0,142.8
SIV,64.4,74.0,54.8,0.0,0.0,0.0,0,0.0,0.0,0.0
WSB,49.8,57.2,42.4,50.3,0.1,15.5,772150,50.5,49.7,49.8
WTC,36.1,41.5,30.7,40.9,0.1,0.1,4090,40.9,40.9,40.9
X26,16.8,19.3,14.3,0.0,0.0,0.0,0,0.0,0.0,0.0
X77,0.3,0.4,0.2,0.0,0.0,0.0,0,0.0,0.0,0.0
XDH,7.7,10.7,4.7,0.0,0.0,0.0,0,0.0,0.0,0.0
XHC,26.0,29.9,22.1,0.0,0.0,0.0,0,0.0,0.0,0.0
XLV,10.8,12.4,9.2,0.0,0.0,0.0,0,0.0,0.0,0.0
XMC,13.5,15.5,11.5,13.7,0.1,13.5,185150,13.9,13.5,13.7
XMD,1.9,2.6,1.2,0.0,0.0,0.0,0,0.0,0.0,0.0
XMP,16.3,18.7,13.9,16.3,0.2,0.2,3260,16.3,16.3,16.3
XPH,10.5,12.0,9.0,10.1,0.1,9.1,88360,10.1,9.7,9.7
YBC,10.5,12.0,9.0,10.0,0.1,9.1,90200,10.0,9.2,9.9
YTC,57.0,65.5,48.5,0.0,0.0,0.0,0,0.0,0.0,0.0
